<bpy>
  <Theme>
    <user_interface>
      <ThemeUserInterface
        menu_shadow_fac="0.4"
        menu_shadow_width="7"
        icon_alpha="1"
        icon_saturation="0.75"
        widget_emboss="#48bf8a00"
        editor_border="#232e33"
        editor_outline="#24303515"
        editor_outline_active="#ffffff0d"
        widget_text_cursor="#48bf8a"
        panel_roundness="0.25"
        transparent_checker_primary="#181e20"
        transparent_checker_secondary="#2a353b"
        transparent_checker_size="8"
        axis_x="#ff3352"
        axis_y="#8bdc00"
        axis_z="#2890ff"
        gizmo_hi="#d3dae3"
        gizmo_primary="#f5f14d"
        gizmo_secondary="#63ffff"
        gizmo_view_align="#ffffff"
        gizmo_a="#4da84d"
        gizmo_b="#a33535"
        icon_scene="#ffffffff"
        icon_collection="#ffffffff"
        icon_object="#43bf84ff"
        icon_object_data="#43bf84ff"
        icon_modifier="#43bf84ff"
        icon_shading="#eeffffff"
        icon_folder="#43bf84ff"
        icon_autokey="#ab3c48ff"
        icon_border_intensity="0"
        >
        <wcol_regular>
          <ThemeWidgetColors
            outline="#384349ff"
            inner="#28343bff"
            inner_sel="#377372ff"
            item="#445965ff"
            text="#a0a8a8"
            text_sel="#ffffff"
            show_shaded="FALSE"
            shadetop="-20"
            shadedown="15"
            roundness="0.25"
            >
          </ThemeWidgetColors>
        </wcol_regular>
        <wcol_tool>
          <ThemeWidgetColors
            outline="#3c4f59ff"
            inner="#2f3e46ff"
            inner_sel="#5db8a180"
            item="#445965ff"
            text="#a0a8a8"
            text_sel="#ffffff"
            show_shaded="FALSE"
            shadetop="0"
            shadedown="-5"
            roundness="0.25"
            >
          </ThemeWidgetColors>
        </wcol_tool>
        <wcol_toolbar_item>
          <ThemeWidgetColors
            outline="#3c4f59ff"
            inner="#28343bff"
            inner_sel="#33afa840"
            item="#4459658f"
            text="#a0a8a8"
            text_sel="#ffffff"
            show_shaded="FALSE"
            shadetop="0"
            shadedown="0"
            roundness="0.25"
            >
          </ThemeWidgetColors>
        </wcol_toolbar_item>
        <wcol_radio>
          <ThemeWidgetColors
            outline="#3c4f59ff"
            inner="#2b383fff"
            inner_sel="#89c5d543"
            item="#445965ff"
            text="#a0a8a8"
            text_sel="#ffffff"
            show_shaded="FALSE"
            shadetop="2"
            shadedown="0"
            roundness="0.25"
            >
          </ThemeWidgetColors>
        </wcol_radio>
        <wcol_text>
          <ThemeWidgetColors
            outline="#34464dff"
            inner="#243035ff"
            inner_sel="#151b1dff"
            item="#445965ff"
            text="#a0a8a8"
            text_sel="#ffffff"
            show_shaded="FALSE"
            shadetop="3"
            shadedown="0"
            roundness="0.25"
            >
          </ThemeWidgetColors>
        </wcol_text>
        <wcol_option>
          <ThemeWidgetColors
            outline="#3c4f59ff"
            inner="#28343b80"
            inner_sel="#428073bf"
            item="#7dffdaff"
            text="#ffffff"
            text_sel="#ffffff"
            show_shaded="FALSE"
            shadetop="0"
            shadedown="0"
            roundness="0.25"
            >
          </ThemeWidgetColors>
        </wcol_option>
        <wcol_toggle>
          <ThemeWidgetColors
            outline="#34464dff"
            inner="#243035ff"
            inner_sel="#428073bf"
            item="#445965ff"
            text="#a0a8a8"
            text_sel="#ffffff"
            show_shaded="FALSE"
            shadetop="0"
            shadedown="0"
            roundness="0.25"
            >
          </ThemeWidgetColors>
        </wcol_toggle>
        <wcol_num>
          <ThemeWidgetColors
            outline="#3c4f59ff"
            inner="#28343bff"
            inner_sel="#181f23ff"
            item="#008a77ff"
            text="#b1caca"
            text_sel="#ffffff"
            show_shaded="FALSE"
            shadetop="-4"
            shadedown="6"
            roundness="0.25"
            >
          </ThemeWidgetColors>
        </wcol_num>
        <wcol_numslider>
          <ThemeWidgetColors
            outline="#263238ff"
            inner="#28343bff"
            inner_sel="#212a2dff"
            item="#397370bf"
            text="#cfd9d9"
            text_sel="#ffffff"
            show_shaded="FALSE"
            shadetop="-4"
            shadedown="0"
            roundness="0.25"
            >
          </ThemeWidgetColors>
        </wcol_numslider>
        <wcol_box>
          <ThemeWidgetColors
            outline="#263238ff"
            inner="#28343bf2"
            inner_sel="#445965ff"
            item="#445965ff"
            text="#a0a8a8"
            text_sel="#ffffff"
            show_shaded="FALSE"
            shadetop="0"
            shadedown="0"
            roundness="0.25"
            >
          </ThemeWidgetColors>
        </wcol_box>
        <wcol_menu>
          <ThemeWidgetColors
            outline="#36454cff"
            inner="#243035ff"
            inner_sel="#445965ff"
            item="#445965ff"
            text="#a0a8a8"
            text_sel="#ffffff"
            show_shaded="FALSE"
            shadetop="10"
            shadedown="-10"
            roundness="0.25"
            >
          </ThemeWidgetColors>
        </wcol_menu>
        <wcol_pulldown>
          <ThemeWidgetColors
            outline="#26323800"
            inner="#28343bcc"
            inner_sel="#445965e6"
            item="#445965ff"
            text="#a0a8a8"
            text_sel="#ffffff"
            show_shaded="FALSE"
            shadetop="25"
            shadedown="-20"
            roundness="0.25"
            >
          </ThemeWidgetColors>
        </wcol_pulldown>
        <wcol_menu_back>
          <ThemeWidgetColors
            outline="#263238ff"
            inner="#28343bef"
            inner_sel="#445965ff"
            item="#445965ff"
            text="#a0a8a8"
            text_sel="#ffffff"
            show_shaded="FALSE"
            shadetop="25"
            shadedown="-20"
            roundness="0.25"
            >
          </ThemeWidgetColors>
        </wcol_menu_back>
        <wcol_pie_menu>
          <ThemeWidgetColors
            outline="#263238ff"
            inner="#28343bf2"
            inner_sel="#445965ff"
            item="#397370ff"
            text="#a0a8a8"
            text_sel="#ffffff"
            show_shaded="FALSE"
            shadetop="10"
            shadedown="-10"
            roundness="0.25"
            >
          </ThemeWidgetColors>
        </wcol_pie_menu>
        <wcol_tooltip>
          <ThemeWidgetColors
            outline="#263238ff"
            inner="#28343bef"
            inner_sel="#445965ef"
            item="#445965ef"
            text="#a0a8a8"
            text_sel="#ffffff"
            show_shaded="FALSE"
            shadetop="25"
            shadedown="-20"
            roundness="0.25"
            >
          </ThemeWidgetColors>
        </wcol_tooltip>
        <wcol_menu_item>
          <ThemeWidgetColors
            outline="#26323800"
            inner="#28343b00"
            inner_sel="#445965e6"
            item="#445965ff"
            text="#a0a8a8"
            text_sel="#ffffff"
            show_shaded="FALSE"
            shadetop="38"
            shadedown="0"
            roundness="0.25"
            >
          </ThemeWidgetColors>
        </wcol_menu_item>
        <wcol_scroll>
          <ThemeWidgetColors
            outline="#263238ff"
            inner="#28343b00"
            inner_sel="#445965ff"
            item="#445965ff"
            text="#a0a8a8"
            text_sel="#ffffff"
            show_shaded="FALSE"
            shadetop="5"
            shadedown="-5"
            roundness="0.25"
            >
          </ThemeWidgetColors>
        </wcol_scroll>
        <wcol_progress>
          <ThemeWidgetColors
            outline="#263238ff"
            inner="#28343bff"
            inner_sel="#567080ff"
            item="#445965ff"
            text="#a0a8a8"
            text_sel="#ffffff"
            show_shaded="FALSE"
            shadetop="0"
            shadedown="0"
            roundness="0.25"
            >
          </ThemeWidgetColors>
        </wcol_progress>
        <wcol_list_item>
          <ThemeWidgetColors
            outline="#263238ff"
            inner="#28343b00"
            inner_sel="#1a2326ff"
            item="#397370ff"
            text="#a0a8a8"
            text_sel="#ffffff"
            show_shaded="FALSE"
            shadetop="0"
            shadedown="0"
            roundness="0.25"
            >
          </ThemeWidgetColors>
        </wcol_list_item>
        <wcol_state>
          <ThemeWidgetStateColors
            inner_anim="#53992e"
            inner_anim_sel="#5aa633"
            inner_key="#b3ae36"
            inner_key_sel="#d7d34b"
            inner_driven="#9000cc"
            inner_driven_sel="#9900e6"
            inner_overridden="#19c3c3"
            inner_overridden_sel="#118f8f"
            inner_changed="#cc7529"
            inner_changed_sel="#e6852d"
            blend="0.5"
            >
          </ThemeWidgetStateColors>
        </wcol_state>
        <wcol_tab>
          <ThemeWidgetColors
            outline="#263238ff"
            inner="#28343bff"
            inner_sel="#445965ff"
            item="#445965ff"
            text="#a0a8a8"
            text_sel="#ffffff"
            show_shaded="FALSE"
            shadetop="0"
            shadedown="0"
            roundness="0.25"
            >
          </ThemeWidgetColors>
        </wcol_tab>
      </ThemeUserInterface>
    </user_interface>
    <view_3d>
      <ThemeView3D
        grid="#64646433"
        clipping_border_3d="#384349ff"
        wire="#000942"
        wire_edit="#000000"
        edge_width="1"
        gp_vertex="#000000"
        gp_vertex_select="#fffafe"
        gp_vertex_size="3"
        text_grease_pencil="#b5e61d"
        object_selected="#fffafe"
        object_active="#43ffa3"
        text_keyframe="#ddd700"
        camera="#009739"
        empty="#ff0000"
        light="#ffb50028"
        speaker="#d3dae3"
        vertex="#000000"
        vertex_select="#00b7ff"
        vertex_size="4"
        vertex_bevel="#20bbff"
        vertex_unreferenced="#d3dae3"
        edge_select="#50c8ff"
        edge_mode_select="#50c8ff"
        edge_seam="#ff0000"
        edge_sharp="#00ff00"
        edge_crease="#cc0099"
        edge_bevel="#000000"
        edge_facesel="#222d32"
        freestyle_edge_mark="#7fff7f"
        face="#00000000"
        face_select="#50c8ff33"
        face_mode_select="#50c8ff33"
        face_dot="#034e79"
        facedot_size="4"
        freestyle_face_mark="#7fff7f33"
        face_retopology="#50c8ff0f"
        face_back="#ff0000b3"
        face_front="#0000ffb3"
        nurb_uline="#909000"
        nurb_vline="#803060"
        nurb_sel_uline="#f0ff40"
        nurb_sel_vline="#f090a0"
        act_spline="#db2512"
        handle_free="#d3dae3"
        handle_auto="#909000"
        handle_vect="#409030"
        handle_sel_vect="#40c030"
        handle_align="#803060"
        handle_sel_free="#d3dae3"
        handle_sel_auto="#f0ff40"
        handle_sel_align="#f090a0"
        lastsel_point="#ffffff"
        extra_edge_len="#ffffff"
        extra_edge_angle="#b4b400"
        extra_face_angle="#f6ff00"
        extra_face_area="#00ff00"
        editmesh_active="#3dffa440"
        normal="#22dddd"
        vertex_normal="#2361dd"
        split_normal="#dd23dd"
        bone_pose="#50c8ff"
        bone_pose_active="#8cffff"
        bone_solid="#c8c8c8"
        bone_locked_weight="#ff000080"
        frame_current="#60c040"
        before_current_frame="#f22e23"
        after_current_frame="#78f244"
        bundle_solid="#c8c8c8"
        camera_path="#d3dae3"
        camera_passepartout="#000000"
        skin_root="#b44d4d"
        view_overlay="#d3dae3"
        transform="#d3dae3"
        paint_curve_handle="#7fff7f7f"
        paint_curve_pivot="#ff7f7f7f"
        outline_width="2"
        object_origin_size="6"
        >
        <space>
          <ThemeSpaceGradient
            title="#d3dae3"
            text="#d3dae3"
            text_hi="#d3dae3"
            header="#243035ff"
            header_text="#d3dae3"
            header_text_hi="#d3dae3"
            button="#243035ff"
            button_title="#d3dae3"
            button_text="#d3dae3"
            button_text_hi="#d3dae3"
            navigation_bar="#243035ff"
            execution_buts="#243035ff"
            tab_active="#445965"
            tab_inactive="#222d32"
            tab_back="#222d32ff"
            tab_outline="#222d32ff"
            >
            <gradients>
              <ThemeGradientColors
                background_type="RADIAL"
                high_gradient="#232e33"
                gradient="#1a2226"
                >
              </ThemeGradientColors>
            </gradients>
            <panelcolors>
              <ThemePanelColors
                header="#243035ff"
                back="#243035ff"
                sub_back="#2430353e"
                >
              </ThemePanelColors>
            </panelcolors>
          </ThemeSpaceGradient>
        </space>
        <asset_shelf>
          <ThemeAssetShelf
            header_back="#1d1d1dff"
            back="#303030ff"
            >
          </ThemeAssetShelf>
        </asset_shelf>
      </ThemeView3D>
    </view_3d>
    <graph_editor>
      <ThemeGraphEditor
        grid="#474747"
        frame_current="#4e9399"
        time_scrub_background="#1c2630e6"
        time_marker_line="#00000060"
        time_marker_line_selected="#ffffff60"
        window_sliders="#969696"
        channels_region="#3f575f"
        dopesheet_channel="#3f575f"
        dopesheet_subchannel="#243035"
        channel_group="#36685e"
        active_channels_group="#007258"
        preview_range="#a14d0066"
        vertex="#d3dae3"
        vertex_select="#ff8500"
        vertex_active="#ffffff"
        vertex_size="6"
        vertex_bevel="#d3dae3"
        vertex_unreferenced="#d3dae3"
        handle_free="#d3dae3"
        handle_auto="#909000"
        handle_vect="#409030"
        handle_sel_vect="#40c030"
        handle_align="#803060"
        handle_sel_free="#d3dae3"
        handle_sel_auto="#f0ff40"
        handle_sel_align="#f090a0"
        handle_auto_clamped="#994030"
        handle_sel_auto_clamped="#f0af90"
        lastsel_point="#d3dae3"
        handle_vertex="#d3dae3"
        handle_vertex_select="#ff8500"
        handle_vertex_size="5"
        >
        <space>
          <ThemeSpaceGeneric
            back="#243035"
            title="#d3dae3"
            text="#a6a6a6"
            text_hi="#d3dae3"
            header="#24303580"
            header_text="#d3dae3"
            header_text_hi="#d3dae3"
            button="#29353bff"
            button_title="#d3dae3"
            button_text="#d3dae3"
            button_text_hi="#d3dae3"
            navigation_bar="#243035ff"
            execution_buts="#243035ff"
            tab_active="#222d32"
            tab_inactive="#222d32"
            tab_back="#29353bff"
            tab_outline="#263238ff"
            >
            <panelcolors>
              <ThemePanelColors
                header="#24303580"
                back="#222d32b3"
                sub_back="#1018193e"
                >
              </ThemePanelColors>
            </panelcolors>
          </ThemeSpaceGeneric>
        </space>
        <space_list>
          <ThemeSpaceListGeneric
            list="#243035"
            list_title="#d3dae3"
            list_text="#b8b8b8"
            list_text_hi="#d3dae3"
            >
          </ThemeSpaceListGeneric>
        </space_list>
      </ThemeGraphEditor>
    </graph_editor>
    <file_browser>
      <ThemeFileBrowser
        selected_file="#2d7d83"
        row_alternate="#ffffff07"
        >
        <space>
          <ThemeSpaceGeneric
            back="#222d32"
            title="#d3dae3"
            text="#d3dae3"
            text_hi="#4c8b90"
            header="#24303580"
            header_text="#d3dae3"
            header_text_hi="#d3dae3"
            button="#29353bff"
            button_title="#d3dae3"
            button_text="#d3dae3"
            button_text_hi="#d3dae3"
            navigation_bar="#243035ff"
            execution_buts="#243035ff"
            tab_active="#4c8b90"
            tab_inactive="#222d32"
            tab_back="#29353bff"
            tab_outline="#263238ff"
            >
            <panelcolors>
              <ThemePanelColors
                header="#24303580"
                back="#222d32b3"
                sub_back="#1018193e"
                >
              </ThemePanelColors>
            </panelcolors>
          </ThemeSpaceGeneric>
        </space>
      </ThemeFileBrowser>
    </file_browser>
    <nla_editor>
      <ThemeNLAEditor
        grid="#646464"
        view_sliders="#969696"
        dopesheet_channel="#274d44"
        dopesheet_subchannel="#7d98b3"
        nla_track="#303b42"
        active_action="#00725880"
        active_action_unset="#24303500"
        preview_range="#a14d0066"
        strips="#3f575f"
        strips_selected="#007258"
        transition_strips="#1c2630"
        transition_strips_selected="#2e75db"
        meta_strips="#332642"
        meta_strips_selected="#692196"
        sound_strips="#2b3d3d"
        sound_strips_selected="#1f7a7a"
        tweak="#753b69"
        tweak_duplicate="#d90000"
        keyframe_border="#d3dae3ff"
        keyframe_border_selected="#d3dae3ff"
        frame_current="#4e9399"
        time_scrub_background="#1d2730ff"
        time_marker_line="#00000060"
        time_marker_line_selected="#ffffff60"
        >
        <space>
          <ThemeSpaceGeneric
            back="#29353b"
            title="#d3dae3"
            text="#a6a6a6"
            text_hi="#d3dae3"
            header="#24303580"
            header_text="#d3dae3"
            header_text_hi="#d3dae3"
            button="#29353bff"
            button_title="#d3dae3"
            button_text="#d3dae3"
            button_text_hi="#d3dae3"
            navigation_bar="#243035ff"
            execution_buts="#243035ff"
            tab_active="#222d32"
            tab_inactive="#222d32"
            tab_back="#29353bff"
            tab_outline="#263238ff"
            >
            <panelcolors>
              <ThemePanelColors
                header="#24303580"
                back="#222d32b3"
                sub_back="#232a2e3e"
                >
              </ThemePanelColors>
            </panelcolors>
          </ThemeSpaceGeneric>
        </space>
        <space_list>
          <ThemeSpaceListGeneric
            list="#29353b"
            list_title="#d3dae3"
            list_text="#b8b8b8"
            list_text_hi="#d3dae3"
            >
          </ThemeSpaceListGeneric>
        </space_list>
      </ThemeNLAEditor>
    </nla_editor>
    <dopesheet_editor>
      <ThemeDopeSheet
        grid="#474747"
        frame_current="#4e9399"
        time_scrub_background="#1c2630e6"
        time_marker_line="#00000060"
        time_marker_line_selected="#ffffff60"
        value_sliders="#d3dae3"
        view_sliders="#c0c0c0"
        dopesheet_channel="#24303524"
        dopesheet_subchannel="#24303524"
        channels="#24303533"
        channels_selected="#d2d5d644"
        channel_group="#36685ebf"
        active_channels_group="#00725855"
        long_key="#1a151580"
        long_key_selected="#ff8c00cc"
        keyframe="#e8e8e8"
        keyframe_selected="#ffbe33"
        keyframe_extreme="#e8b3cc"
        keyframe_extreme_selected="#f28080"
        keyframe_breakdown="#b3dbe8"
        keyframe_breakdown_selected="#54bfed"
        keyframe_jitter="#94e575"
        keyframe_jitter_selected="#61c042"
        keyframe_movehold="#5c5656"
        keyframe_movehold_selected="#ffaf23"
        keyframe_generated="#585858"
        keyframe_generated_selected="#a28962"
        keyframe_border="#d3dae3ff"
        keyframe_border_selected="#d3dae3ff"
        keyframe_scale_factor="1"
        summary="#274d4466"
        preview_range="#a14d0066"
        interpolation_line="#94e575cc"
        simulated_frames="#721e65ff"
        >
        <space>
          <ThemeSpaceGeneric
            back="#243035"
            title="#d3dae3"
            text="#a6a6a6"
            text_hi="#d3dae3"
            header="#24303580"
            header_text="#d3dae3"
            header_text_hi="#d3dae3"
            button="#29353bff"
            button_title="#d3dae3"
            button_text="#d3dae3"
            button_text_hi="#d3dae3"
            navigation_bar="#243035ff"
            execution_buts="#243035ff"
            tab_active="#222d32"
            tab_inactive="#222d32"
            tab_back="#29353bff"
            tab_outline="#263238ff"
            >
            <panelcolors>
              <ThemePanelColors
                header="#24303580"
                back="#222d32b3"
                sub_back="#1018193e"
                >
              </ThemePanelColors>
            </panelcolors>
          </ThemeSpaceGeneric>
        </space>
        <space_list>
          <ThemeSpaceListGeneric
            list="#243035"
            list_title="#d3dae3"
            list_text="#b8b8b8"
            list_text_hi="#d3dae3"
            >
          </ThemeSpaceListGeneric>
        </space_list>
      </ThemeDopeSheet>
    </dopesheet_editor>
    <image_editor>
      <ThemeImageEditor
        grid="#2a353bff"
        vertex="#000000"
        vertex_select="#f2feff"
        vertex_size="2"
        vertex_bevel="#ffffff"
        vertex_unreferenced="#d3dae3"
        face="#458a7300"
        face_select="#00b7ff00"
        face_mode_select="#00000000"
        face_dot="#00b7ff"
        facedot_size="3"
        freestyle_face_mark="#7fff7f33"
        face_retopology="#00000000"
        face_back="#c70b0059"
        face_front="#56ff628b"
        editmesh_active="#00ffba00"
        wire_edit="#bfbfbf"
        edge_width="1"
        edge_select="#00b7ff"
        scope_back="#5a5a5aff"
        preview_stitch_face="#7f7f0033"
        preview_stitch_edge="#ff00ff33"
        preview_stitch_vert="#0000ff33"
        preview_stitch_stitchable="#00ff00ff"
        preview_stitch_unstitchable="#ff0000ff"
        preview_stitch_active="#e1d2c323"
        uv_shadow="#707070ff"
        frame_current="#60c040"
        metadatabg="#d3dae3"
        metadatatext="#d3dae3"
        handle_free="#d3dae3"
        handle_auto="#909000"
        handle_align="#803060"
        handle_sel_free="#d3dae3"
        handle_sel_auto="#f0ff40"
        handle_sel_align="#f090a0"
        handle_auto_clamped="#d3dae3"
        handle_sel_auto_clamped="#d3dae3"
        handle_vertex="#d3dae3"
        handle_vertex_select="#ffff00"
        handle_vertex_size="5"
        paint_curve_handle="#7fff7f7f"
        paint_curve_pivot="#ff7f7f7f"
        >
        <space>
          <ThemeSpaceGeneric
            back="#181e20"
            title="#d3dae3"
            text="#d3dae3"
            text_hi="#d3dae3"
            header="#24303580"
            header_text="#d3dae3"
            header_text_hi="#d3dae3"
            button="#243035ff"
            button_title="#d3dae3"
            button_text="#d3dae3"
            button_text_hi="#d3dae3"
            navigation_bar="#243035ff"
            execution_buts="#243035ff"
            tab_active="#222d32"
            tab_inactive="#222d32"
            tab_back="#29353bff"
            tab_outline="#263238ff"
            >
            <panelcolors>
              <ThemePanelColors
                header="#24303580"
                back="#222d32ff"
                sub_back="#1018193e"
                >
              </ThemePanelColors>
            </panelcolors>
          </ThemeSpaceGeneric>
        </space>
        <asset_shelf>
          <ThemeAssetShelf
            header_back="#1d1d1dff"
            back="#303030ff"
            >
          </ThemeAssetShelf>
        </asset_shelf>
      </ThemeImageEditor>
    </image_editor>
    <sequence_editor>
      <ThemeSequenceEditor
        grid="#384349"
        window_sliders="#a0a0a0"
        movie_strip="#516987"
        movieclip_strip="#20208f"
        image_strip="#6d5881"
        scene_strip="#4e983e"
        audio_strip="#2e8f8f"
        effect_strip="#a9547c"
        transition_strip="#50458f"
        color_strip="#8f8f8f"
        meta_strip="#6d9183"
        mask_strip="#8f5656"
        text_strip="#a29700"
        active_strip="#d9d9d9"
        selected_strip="#ff8f0d"
        frame_current="#72d8e0"
        time_scrub_background="#292929e6"
        time_marker_line="#00000060"
        time_marker_line_selected="#ffffff60"
        keyframe="#ff8500"
        keyframe_selected="#ffbe33"
        keyframe_breakdown="#b3dbe8"
        keyframe_breakdown_selected="#54bfed"
        keyframe_movehold="#808080"
        keyframe_movehold_selected="#ffaf23"
        keyframe_generated="#585858"
        keyframe_generated_selected="#a28962"
        keyframe_border="#000000ff"
        keyframe_border_selected="#000000ff"
        draw_action="#50c8ff"
        preview_back="#d3dae3"
        metadatabg="#d3dae3"
        metadatatext="#d3dae3"
        preview_range="#a14d0066"
        row_alternate="#ffffff0d"
        >
        <space>
          <ThemeSpaceGeneric
            back="#243035"
            title="#d3dae3"
            text="#a6a6a6"
            text_hi="#d3dae3"
            header="#24303580"
            header_text="#d3dae3"
            header_text_hi="#d3dae3"
            button="#29353bff"
            button_title="#d3dae3"
            button_text="#d3dae3"
            button_text_hi="#d3dae3"
            navigation_bar="#243035ff"
            execution_buts="#243035ff"
            tab_active="#222d32"
            tab_inactive="#222d32"
            tab_back="#29353bff"
            tab_outline="#263238ff"
            >
            <panelcolors>
              <ThemePanelColors
                header="#24303580"
                back="#222d32b3"
                sub_back="#1018193e"
                >
              </ThemePanelColors>
            </panelcolors>
          </ThemeSpaceGeneric>
        </space>
        <space_list>
          <ThemeSpaceListGeneric
            list="#181818"
            list_title="#ffffff"
            list_text="#ffffff"
            list_text_hi="#ffffff"
            >
          </ThemeSpaceListGeneric>
        </space_list>
      </ThemeSequenceEditor>
    </sequence_editor>
    <properties>
      <ThemeProperties
        match="#007258"
        active_modifier="#84a8a89e"
        >
        <space>
          <ThemeSpaceGeneric
            back="#243035"
            title="#d4d4d4"
            text="#d3dae3"
            text_hi="#d3dae3"
            header="#24303580"
            header_text="#d3dae3"
            header_text_hi="#d3dae3"
            button="#29353bff"
            button_title="#d3dae3"
            button_text="#d3dae3"
            button_text_hi="#d3dae3"
            navigation_bar="#243035ff"
            execution_buts="#243035ff"
            tab_active="#243035"
            tab_inactive="#29353b"
            tab_back="#29353bff"
            tab_outline="#263238ff"
            >
            <panelcolors>
              <ThemePanelColors
                header="#24303580"
                back="#24303571"
                sub_back="#243035cd"
                >
              </ThemePanelColors>
            </panelcolors>
          </ThemeSpaceGeneric>
        </space>
      </ThemeProperties>
    </properties>
    <text_editor>
      <ThemeTextEditor
        line_numbers="#295b63"
        line_numbers_background="#222d32"
        selected_text="#223d41"
        cursor="#ffffff"
        syntax_builtin="#00ffff"
        syntax_symbols="#00f1ff"
        syntax_special="#64af8b"
        syntax_preprocessor="#b95bb9"
        syntax_reserved="#c44e84"
        syntax_comment="#408686"
        syntax_string="#43ffa3"
        syntax_numbers="#ffffff"
        >
        <space>
          <ThemeSpaceGeneric
            back="#222d32"
            title="#d3dae3"
            text="#d3dae3"
            text_hi="#d3dae3"
            header="#24303580"
            header_text="#d3dae3"
            header_text_hi="#d3dae3"
            button="#29353bff"
            button_title="#d3dae3"
            button_text="#d3dae3"
            button_text_hi="#d3dae3"
            navigation_bar="#243035ff"
            execution_buts="#243035ff"
            tab_active="#222d32"
            tab_inactive="#222d32"
            tab_back="#29353bff"
            tab_outline="#263238ff"
            >
            <panelcolors>
              <ThemePanelColors
                header="#24303580"
                back="#222d32b3"
                sub_back="#1018193e"
                >
              </ThemePanelColors>
            </panelcolors>
          </ThemeSpaceGeneric>
        </space>
      </ThemeTextEditor>
    </text_editor>
    <node_editor>
      <ThemeNodeEditor
        grid="#3f5053"
        node_selected="#ffffff"
        node_active="#4fe79d"
        wire="#757575ff"
        wire_inner="#28343b"
        wire_select="#ffffffff"
        selected_text="#7f7070"
        node_backdrop="#2b383fff"
        converter_node="#66c4ff"
        color_node="#ccb83d"
        group_node="#426628"
        group_socket_node="#1a1a1a"
        frame_node="#1a1a1acc"
        matte_node="#975b5b"
        distor_node="#749797"
        noodle_curving="3"
        grid_levels="3"
        dash_alpha="0.5"
        input_node="#e64555"
        output_node="#b33641"
        filter_node="#584d80"
        vector_node="#9b80ff"
        texture_node="#e68745"
        shader_node="#39c884"
        script_node="#084d4d"
        pattern_node="#6c696f"
        layout_node="#6c696f"
        geometry_node="#00d7a4"
        attribute_node="#3f5980"
        simulation_zone="#66416233"
        repeat_zone="#76512f33"
        foreach_geometry_element_zone="#33527f33"
        >
        <space>
          <ThemeSpaceGeneric
            back="#232e33"
            title="#d3dae3"
            text="#d3dae3"
            text_hi="#d3dae3"
            header="#24303580"
            header_text="#d3dae3"
            header_text_hi="#d3dae3"
            button="#29353b00"
            button_title="#d3dae3"
            button_text="#d3dae3"
            button_text_hi="#d3dae3"
            navigation_bar="#243035ff"
            execution_buts="#243035ff"
            tab_active="#317d77"
            tab_inactive="#29353b"
            tab_back="#29353bff"
            tab_outline="#263238ff"
            >
            <panelcolors>
              <ThemePanelColors
                header="#24303580"
                back="#29353bff"
                sub_back="#222d3200"
                >
              </ThemePanelColors>
            </panelcolors>
          </ThemeSpaceGeneric>
        </space>
        <space_list>
          <ThemeSpaceListGeneric
            list="#384349"
            list_title="#d3dae3"
            list_text="#d3dae3"
            list_text_hi="#d3dae3"
            >
          </ThemeSpaceListGeneric>
        </space_list>
      </ThemeNodeEditor>
    </node_editor>
    <outliner>
      <ThemeOutliner
        match="#337f33"
        selected_highlight="#264a4d"
        active="#007258"
        selected_object="#fffafe"
        active_object="#43ffa3"
        edited_object="#00806266"
        row_alternate="#00000000"
        >
        <space>
          <ThemeSpaceGeneric
            back="#232e33"
            title="#d3dae3"
            text="#c3c3c3"
            text_hi="#d3dae3"
            header="#24303500"
            header_text="#d3dae3"
            header_text_hi="#d3dae3"
            button="#29353bff"
            button_title="#d3dae3"
            button_text="#d3dae3"
            button_text_hi="#d3dae3"
            navigation_bar="#243035ff"
            execution_buts="#243035ff"
            tab_active="#222d32"
            tab_inactive="#222d32"
            tab_back="#243035ff"
            tab_outline="#263238ff"
            >
            <panelcolors>
              <ThemePanelColors
                header="#24303580"
                back="#243035ff"
                sub_back="#243035ff"
                >
              </ThemePanelColors>
            </panelcolors>
          </ThemeSpaceGeneric>
        </space>
      </ThemeOutliner>
    </outliner>
    <info>
      <ThemeInfo
        info_selected="#24575a"
        info_selected_text="#00ff86"
        info_error="#b34c34ff"
        info_error_text="#ff221f"
        info_warning="#ac8737ff"
        info_warning_text="#ff9d00"
        info_info="#1f3862ff"
        info_info_text="#00ff86"
        info_debug="#6b3293ff"
        info_debug_text="#ffffff"
        info_property="#329364ff"
        info_property_text="#ffffff"
        info_operator="#329364ff"
        info_operator_text="#ffffff"
        >
        <space>
          <ThemeSpaceGeneric
            back="#243035"
            title="#d3dae3"
            text="#d3dae3"
            text_hi="#d3dae3"
            header="#24303580"
            header_text="#d3dae3"
            header_text_hi="#d3dae3"
            button="#29353bff"
            button_title="#d3dae3"
            button_text="#d3dae3"
            button_text_hi="#d3dae3"
            navigation_bar="#243035ff"
            execution_buts="#243035ff"
            tab_active="#222d32"
            tab_inactive="#222d32"
            tab_back="#29353bff"
            tab_outline="#263238ff"
            >
            <panelcolors>
              <ThemePanelColors
                header="#24303580"
                back="#222d32b3"
                sub_back="#1018193e"
                >
              </ThemePanelColors>
            </panelcolors>
          </ThemeSpaceGeneric>
        </space>
      </ThemeInfo>
    </info>
    <preferences>
      <ThemePreferences>
        <space>
          <ThemeSpaceGeneric
            back="#243035"
            title="#d3dae3"
            text="#d3dae3"
            text_hi="#d3dae3"
            header="#24303580"
            header_text="#d3dae3"
            header_text_hi="#468181"
            button="#29353bff"
            button_title="#d3dae3"
            button_text="#d3dae3"
            button_text_hi="#468185"
            navigation_bar="#243035ff"
            execution_buts="#243035ff"
            tab_active="#4b8a8a"
            tab_inactive="#243035"
            tab_back="#29353bff"
            tab_outline="#263238ff"
            >
            <panelcolors>
              <ThemePanelColors
                header="#24303580"
                back="#243035ff"
                sub_back="#2430353e"
                >
              </ThemePanelColors>
            </panelcolors>
          </ThemeSpaceGeneric>
        </space>
      </ThemePreferences>
    </preferences>
    <console>
      <ThemeConsole
        line_output="#4fe79d"
        line_input="#d3dae3"
        line_info="#47bda2"
        line_error="#ff4040"
        cursor="#28a36b"
        select="#4fe79d33"
        >
        <space>
          <ThemeSpaceGeneric
            back="#232e33"
            title="#d3dae3"
            text="#d3dae3"
            text_hi="#d3dae3"
            header="#24303580"
            header_text="#d3dae3"
            header_text_hi="#d3dae3"
            button="#29353bff"
            button_title="#d3dae3"
            button_text="#d3dae3"
            button_text_hi="#d3dae3"
            navigation_bar="#243035ff"
            execution_buts="#243035ff"
            tab_active="#222d32"
            tab_inactive="#222d32"
            tab_back="#29353bff"
            tab_outline="#263238ff"
            >
            <panelcolors>
              <ThemePanelColors
                header="#24303580"
                back="#222d32b3"
                sub_back="#1018193e"
                >
              </ThemePanelColors>
            </panelcolors>
          </ThemeSpaceGeneric>
        </space>
      </ThemeConsole>
    </console>
    <clip_editor>
      <ThemeClipEditor
        grid="#000000ff"
        marker_outline="#263238"
        marker="#7f7f00"
        active_marker="#d3dae3"
        selected_marker="#ffff00"
        disabled_marker="#7f0000"
        locked_marker="#7f7f7f"
        path_before="#ff0000"
        path_after="#0000ff"
        path_keyframe_before="#ffc4c4"
        path_keyframe_after="#c4c4ff"
        frame_current="#4e9399"
        time_scrub_background="#292929e6"
        time_marker_line="#00000060"
        time_marker_line_selected="#ffffff60"
        strips="#0c0a0a"
        strips_selected="#ff8c00"
        metadatabg="#d3dae3"
        metadatatext="#d3dae3"
        handle_free="#d3dae3"
        handle_auto="#909000"
        handle_align="#803060"
        handle_sel_free="#d3dae3"
        handle_sel_auto="#f0ff40"
        handle_sel_align="#f090a0"
        handle_auto_clamped="#d3dae3"
        handle_sel_auto_clamped="#d3dae3"
        handle_vertex="#d3dae3"
        handle_vertex_select="#ffff00"
        handle_vertex_size="5"
        >
        <space>
          <ThemeSpaceGeneric
            back="#243035"
            title="#d3dae3"
            text="#a6a6a6"
            text_hi="#d3dae3"
            header="#24303580"
            header_text="#d3dae3"
            header_text_hi="#d3dae3"
            button="#29353bff"
            button_title="#d3dae3"
            button_text="#d3dae3"
            button_text_hi="#d3dae3"
            navigation_bar="#243035ff"
            execution_buts="#243035ff"
            tab_active="#222d32"
            tab_inactive="#222d32"
            tab_back="#29353bff"
            tab_outline="#263238ff"
            >
            <panelcolors>
              <ThemePanelColors
                header="#24303580"
                back="#222d32b3"
                sub_back="#1018193e"
                >
              </ThemePanelColors>
            </panelcolors>
          </ThemeSpaceGeneric>
        </space>
        <space_list>
          <ThemeSpaceListGeneric
            list="#222d32"
            list_title="#d3dae3"
            list_text="#d3dae3"
            list_text_hi="#d3dae3"
            >
          </ThemeSpaceListGeneric>
        </space_list>
      </ThemeClipEditor>
    </clip_editor>
    <topbar>
      <ThemeTopBar>
        <space>
          <ThemeSpaceGeneric
            back="#243035"
            title="#d3dae3"
            text="#d3dae3"
            text_hi="#d3dae3"
            header="#24303580"
            header_text="#d3dae3"
            header_text_hi="#d3dae3"
            button="#464646ff"
            button_title="#d3dae3"
            button_text="#d3dae3"
            button_text_hi="#d3dae3"
            navigation_bar="#243035ff"
            execution_buts="#243035ff"
            tab_active="#222d32"
            tab_inactive="#222d32"
            tab_back="#222d32ff"
            tab_outline="#263238ff"
            >
            <panelcolors>
              <ThemePanelColors
                header="#24303580"
                back="#353535b3"
                sub_back="#1018193e"
                >
              </ThemePanelColors>
            </panelcolors>
          </ThemeSpaceGeneric>
        </space>
      </ThemeTopBar>
    </topbar>
    <statusbar>
      <ThemeStatusBar>
        <space>
          <ThemeSpaceGeneric
            back="#464646"
            title="#d3dae3"
            text="#d3dae3"
            text_hi="#d3dae3"
            header="#24303580"
            header_text="#97cfd4"
            header_text_hi="#d3dae3"
            button="#222d32ff"
            button_title="#d3dae3"
            button_text="#d3dae3"
            button_text_hi="#d3dae3"
            navigation_bar="#243035ff"
            execution_buts="#243035ff"
            tab_active="#222d32"
            tab_inactive="#222d32"
            tab_back="#29353bff"
            tab_outline="#263238ff"
            >
            <panelcolors>
              <ThemePanelColors
                header="#24303580"
                back="#29353bb3"
                sub_back="#1018193e"
                >
              </ThemePanelColors>
            </panelcolors>
          </ThemeSpaceGeneric>
        </space>
      </ThemeStatusBar>
    </statusbar>
    <spreadsheet>
      <ThemeSpreadsheet
        row_alternate="#00000000"
        >
        <space>
          <ThemeSpaceGeneric
            back="#232e33"
            title="#d3dae3"
            text="#c3c3c3"
            text_hi="#d3dae3"
            header="#24303580"
            header_text="#d3dae3"
            header_text_hi="#d3dae3"
            button="#232e33ff"
            button_title="#d3dae3"
            button_text="#d3dae3"
            button_text_hi="#d3dae3"
            navigation_bar="#243035ff"
            execution_buts="#243035ff"
            tab_active="#222d32"
            tab_inactive="#222d32"
            tab_back="#29353bff"
            tab_outline="#263238ff"
            >
            <panelcolors>
              <ThemePanelColors
                header="#24303580"
                back="#222d32b3"
                sub_back="#1018193e"
                >
              </ThemePanelColors>
            </panelcolors>
          </ThemeSpaceGeneric>
        </space>
        <space_list>
          <ThemeSpaceListGeneric
            list="#29353b"
            list_title="#d3dae3"
            list_text="#b8b8b8"
            list_text_hi="#ffaf23"
            >
          </ThemeSpaceListGeneric>
        </space_list>
      </ThemeSpreadsheet>
    </spreadsheet>
    <bone_color_sets>
      <ThemeBoneColorSet
        normal="#9a0000"
        select="#bd1111"
        active="#f70a0a"
        show_colored_constraints="FALSE"
        >
      </ThemeBoneColorSet>
      <ThemeBoneColorSet
        normal="#f74018"
        select="#f66913"
        active="#fa9900"
        show_colored_constraints="FALSE"
        >
      </ThemeBoneColorSet>
      <ThemeBoneColorSet
        normal="#1e9109"
        select="#59b70b"
        active="#83ef1d"
        show_colored_constraints="FALSE"
        >
      </ThemeBoneColorSet>
      <ThemeBoneColorSet
        normal="#0a3694"
        select="#3667df"
        active="#5ec1ef"
        show_colored_constraints="FALSE"
        >
      </ThemeBoneColorSet>
      <ThemeBoneColorSet
        normal="#a9294e"
        select="#c1416a"
        active="#f05d91"
        show_colored_constraints="FALSE"
        >
      </ThemeBoneColorSet>
      <ThemeBoneColorSet
        normal="#430c78"
        select="#543aa3"
        active="#8764d5"
        show_colored_constraints="FALSE"
        >
      </ThemeBoneColorSet>
      <ThemeBoneColorSet
        normal="#24785a"
        select="#3c9579"
        active="#6fb6ab"
        show_colored_constraints="FALSE"
        >
      </ThemeBoneColorSet>
      <ThemeBoneColorSet
        normal="#4b707c"
        select="#6a8691"
        active="#9bc2cd"
        show_colored_constraints="FALSE"
        >
      </ThemeBoneColorSet>
      <ThemeBoneColorSet
        normal="#f4c90c"
        select="#eec236"
        active="#f3ff00"
        show_colored_constraints="FALSE"
        >
      </ThemeBoneColorSet>
      <ThemeBoneColorSet
        normal="#1e2024"
        select="#484c56"
        active="#d3dae3"
        show_colored_constraints="FALSE"
        >
      </ThemeBoneColorSet>
      <ThemeBoneColorSet
        normal="#6f2f6a"
        select="#9845be"
        active="#d330d6"
        show_colored_constraints="FALSE"
        >
      </ThemeBoneColorSet>
      <ThemeBoneColorSet
        normal="#6c8e22"
        select="#7fb022"
        active="#bbef5b"
        show_colored_constraints="FALSE"
        >
      </ThemeBoneColorSet>
      <ThemeBoneColorSet
        normal="#8d8d8d"
        select="#b0b0b0"
        active="#dedede"
        show_colored_constraints="FALSE"
        >
      </ThemeBoneColorSet>
      <ThemeBoneColorSet
        normal="#834326"
        select="#8b5811"
        active="#bd6a11"
        show_colored_constraints="FALSE"
        >
      </ThemeBoneColorSet>
      <ThemeBoneColorSet
        normal="#08310e"
        select="#1c430b"
        active="#34622b"
        show_colored_constraints="FALSE"
        >
      </ThemeBoneColorSet>
      <ThemeBoneColorSet
        normal="#000000"
        select="#000000"
        active="#000000"
        show_colored_constraints="FALSE"
        >
      </ThemeBoneColorSet>
      <ThemeBoneColorSet
        normal="#000000"
        select="#000000"
        active="#000000"
        show_colored_constraints="FALSE"
        >
      </ThemeBoneColorSet>
      <ThemeBoneColorSet
        normal="#000000"
        select="#000000"
        active="#000000"
        show_colored_constraints="FALSE"
        >
      </ThemeBoneColorSet>
      <ThemeBoneColorSet
        normal="#000000"
        select="#000000"
        active="#000000"
        show_colored_constraints="FALSE"
        >
      </ThemeBoneColorSet>
      <ThemeBoneColorSet
        normal="#000000"
        select="#000000"
        active="#000000"
        show_colored_constraints="FALSE"
        >
      </ThemeBoneColorSet>
    </bone_color_sets>
    <collection_color>
      <ThemeCollectionColor
        color="#e2605b"
        >
      </ThemeCollectionColor>
      <ThemeCollectionColor
        color="#f1a355"
        >
      </ThemeCollectionColor>
      <ThemeCollectionColor
        color="#f1dc55"
        >
      </ThemeCollectionColor>
      <ThemeCollectionColor
        color="#7bcc7b"
        >
      </ThemeCollectionColor>
      <ThemeCollectionColor
        color="#5db6ea"
        >
      </ThemeCollectionColor>
      <ThemeCollectionColor
        color="#8d59da"
        >
      </ThemeCollectionColor>
      <ThemeCollectionColor
        color="#c673b8"
        >
      </ThemeCollectionColor>
      <ThemeCollectionColor
        color="#7a5441"
        >
      </ThemeCollectionColor>
    </collection_color>
    <strip_color>
      <ThemeStripColor
        color="#e2605b"
        >
      </ThemeStripColor>
      <ThemeStripColor
        color="#f1a355"
        >
      </ThemeStripColor>
      <ThemeStripColor
        color="#f1dc55"
        >
      </ThemeStripColor>
      <ThemeStripColor
        color="#7bcc7b"
        >
      </ThemeStripColor>
      <ThemeStripColor
        color="#5db6ea"
        >
      </ThemeStripColor>
      <ThemeStripColor
        color="#8d59da"
        >
      </ThemeStripColor>
      <ThemeStripColor
        color="#c673b8"
        >
      </ThemeStripColor>
      <ThemeStripColor
        color="#7a5441"
        >
      </ThemeStripColor>
      <ThemeStripColor
        color="#5f5f5f"
        >
      </ThemeStripColor>
    </strip_color>
  </Theme>
  <ThemeStyle>
    <panel_title>
      <ThemeFontStyle
        points="14"
        character_weight="500"
        shadow="3"
        shadow_offset_x="0"
        shadow_offset_y="-1"
        shadow_alpha="0.5"
        shadow_value="0"
        >
      </ThemeFontStyle>
    </panel_title>
    <widget>
      <ThemeFontStyle
        points="13.5"
        character_weight="500"
        shadow="1"
        shadow_offset_x="0"
        shadow_offset_y="-1"
        shadow_alpha="0.5"
        shadow_value="0"
        >
      </ThemeFontStyle>
    </widget>
    <tooltip>
      <ThemeFontStyle
        points="11"
        character_weight="400"
        shadow="1"
        shadow_offset_x="0"
        shadow_offset_y="-1"
        shadow_alpha="0.5"
        shadow_value="0"
        >
      </ThemeFontStyle>
    </tooltip>
  </ThemeStyle>
</bpy>
